Workbook

Sheet Sheet1
A1: s | B1: m | C1: h | D1: date | E1: month | F1: year | G1: temp | H1: hum | I1: rs/r0mq3 | J1: rs/r0mq4 | K1: rs/r0mq5 | L1: rs/r0mq6 | M1: rs/r0mq7 | N1: rs/r0mq8 | O1: rs/r0mq9 | P1: rs/r0mq135
A2: 20 | B2: 2 | C2: 10 | D2: 12 | E2: 1 | F2: 2026 | G2: 23.7 | H2: 70.9 | I2: 1.0253 | J2: 1.00964 | K2: 1.01969 | L2: 1.01672 | M2: 1.01853 | N2: 1.01291 | O2: 1.00863 | P2: 1.00236
A3: 24 | B3: 2 | C3: 10 | D3: 12 | E3: 1 | F3: 2026 | G3: 24.1 | H3: 72.6 | I3: 1.03079 | J3: 1.01204 | K3: 1.0253 | L3: 1.02085 | M3: 1.02753 | N3: 1.01444 | O3: 1.00954 | P3: 1.00388
A4: 28 | B4: 2 | C4: 10 | D4: 12 | E4: 1 | F4: 2026 | G4: 24.1 | H4: 72.8 | I4: 1.03673 | J4: 1.01285 | K4: 1.02738 | L4: 1.02477 | M4: 1.03518 | N4: 1.0173 | O4: 1.01273 | P4: 1.0066
A5: 32 | B5: 2 | C5: 10 | D5: 12 | E5: 1 | F5: 2026 | G5: 24.1 | H5: 73 | I5: 1.03833 | J5: 1.01365 | K5: 1.02947 | L5: 1.02551 | M5: 1.03722 | N5: 1.01686 | O5: 1.01045 | P5: 1.00558
A6: 36 | B6: 2 | C6: 10 | D6: 12 | E6: 1 | F6: 2026 | G6: 24.2 | H6: 73.3 | I6: 1.04193 | J6: 1.01325 | K6: 1.03127 | L6: 1.02723 | M6: 1.04478 | N6: 1.02194 | O6: 1.01471 | P6: 1.00915
A7: 39 | B7: 2 | C7: 10 | D7: 12 | E7: 1 | F7: 2026 | G7: 24.2 | H7: 73.4 | I7: 1.04435 | J7: 1.01446 | K7: 1.03307 | L7: 1.03118 | M7: 1.05159 | N7: 1.02372 | O7: 1.01669 | P7: 1.01086
A8: 43 | B8: 2 | C8: 10 | D8: 12 | E8: 1 | F8: 2026 | G8: 24.3 | H8: 73.6 | I8: 1.04354 | J8: 1.01406 | K8: 1.03548 | L8: 1.02995 | M8: 1.05207 | N8: 1.02194 | O8: 1.01471 | P8: 1.00983
A9: 47 | B9: 2 | C9: 10 | D9: 12 | E9: 1 | F9: 2026 | G9: 24.3 | H9: 73.8 | I9: 1.04596 | J9: 1.01325 | K9: 1.03699 | L9: 1.03243 | M9: 1.05733 | N9: 1.02416 | O9: 1.01685 | P9: 1.0112
A10: 51 | B10: 2 | C10: 10 | D10: 12 | E10: 1 | F10: 2026 | G10: 24.4 | H10: 73.9 | I10: 1.04839 | J10: 1.01365 | K10: 1.0388 | L10: 1.03417 | M10: 1.06374 | N10: 1.02661 | O10: 1.02021 | P10: 1.0136
A11: 55 | B11: 2 | C11: 10 | D11: 12 | E11: 1 | F11: 2026 | G11: 24.4 | H11: 74.1 | I11: 1.04718 | J11: 1.01285 | K11: 1.0385 | L11: 1.03691 | M11: 1.06663 | N11: 1.02728 | O11: 1.0199 | P11: 1.01377
A12: 59 | B12: 2 | C12: 10 | D12: 12 | E12: 1 | F12: 2026 | G12: 24.5 | H12: 74.3 | I12: 1.04799 | J12: 1.01204 | K12: 1.04063 | L12: 1.03766 | M12: 1.07034 | N12: 1.02818 | O12: 1.02036 | P12: 1.01377
A13: 2 | B13: 3 | C13: 10 | D13: 12 | E13: 1 | F13: 2026 | G13: 24.5 | H13: 74.5 | I13: 1.04515 | J13: 1.01044 | K13: 1.04154 | L13: 1.03716 | M13: 1.07228 | N13: 1.02572 | O13: 1.02021 | P13: 1.01308
... A469: 59 | B469: 31 | C469: 10 | D469: 12 | E469: 1 | F469: 2026 | G469: 34.6 | H469: 74.4 | I469: 1.13846 | J469: 1.02629 | K469: 1.07375 | L469: 1.07823 | M469: 1.28301 | N469: 1.08664 | O469: 1.02636 | P469: 0.90752

Sheet Trang_tính1
G1: temp | H1: hum | I1: rs/r0mq3 | J1: rs/r0mq4 | K1: rs/r0mq5 | L1: rs/r0mq6 | M1: rs/r0mq7 | N1: rs/r0mq8 | O1: rs/r0mq9 | P1: rs/r0mq135
F2: mean | G2: =AVERAGE(Sheet1!G:G) -> 30.949573 | H2: =AVERAGE(Sheet1!H:H) -> 79.586752 | I2: =AVERAGE(Sheet1!I:I) -> 1.099037 | J2: =AVERAGE(Sheet1!J:J) -> 0.99804635 | K2: =AVERAGE(Sheet1!K:K) -> 1.0546841 | L2: =AVERAGE(Sheet1!L:L) -> 1.062951 | M2: =AVERAGE(Sheet1!M:M) -> 1.243791 | N2: =AVERAGE(Sheet1!N:N) -> 1.0702307 | O2: =AVERAGE(Sheet1!O:O) -> 1.0221992 | P2: =AVERAGE(Sheet1!P:P) -> 0.94515652
F3: var | G3: =_xlfn.VAR.S(Sheet1!G:G) -> 9.0097 | H3: =_xlfn.VAR.S(Sheet1!H:H) -> 7.2926721 | I3: =_xlfn.VAR.S(Sheet1!I:I) -> 0.00037190702 | J3: =_xlfn.VAR.S(Sheet1!J:J) -> 0.00019391546 | K3: =_xlfn.VAR.S(Sheet1!K:K) -> 7.8720196e-05 | L3: =_xlfn.VAR.S(Sheet1!L:L) -> 0.00012988234 | M3: =_xlfn.VAR.S(Sheet1!M:M) -> 0.0029188813 | N3: =_xlfn.VAR.S(Sheet1!N:N) -> 0.00012127763 | O3: =_xlfn.VAR.S(Sheet1!O:O) -> 0.00018871689 | P3: =_xlfn.VAR.S(Sheet1!P:P) -> 0.0023427176

Sheet 100%
A1: s | B1: m | C1: h | D1: date | E1: month | F1: year | G1: temp | H1: hum | I1: rs/r0mq4 | J1: rs/r0mq3 | K1: rs/r0mq5 | L1: rs/r0mq6 | M1: rs/r0mq7 | N1: rs/r0mq8 | O1: rs/r0mq9 | P1: rs/r0mq135 | Q1: tempW
A2: 21 | B2: 0 | C2: 15 | D2: 18 | E2: 1 | F2: 2026 | G2: 32.5 | H2: 0.777 | I2: 1.20712 | J2: 1.10104 | K2: 1.02307 | L2: 1.0105 | M2: 1.08466 | N2: 1.0917 | O2: 1.18387 | P2: 1.1353 | Q2: 0.255
A3: 25 | B3: 0 | C3: 15 | D3: 18 | E3: 1 | F3: 2026 | G3: 32.5 | H3: 0.768 | I3: 1.23213 | J3: 1.09958 | K3: 1.02307 | L3: 1.01013 | M3: 1.09526 | N3: 1.09248 | O3: 1.19054 | P3: 1.13918 | Q3: 0.258125
A4: 29 | B4: 0 | C4: 15 | D4: 18 | E4: 1 | F4: 2026 | G4: 32.5 | H4: 0.758 | I4: 1.2089 | J4: 1.09812 | K4: 1.03366 | L4: 1.02001 | M4: 1.08695 | N4: 1.10417 | O4: 1.18326 | P4: 1.14112 | Q4: 0.26125
A5: 32 | B5: 0 | C5: 15 | D5: 18 | E5: 1 | F5: 2026 | G5: 32.5 | H5: 0.748 | I5: 1.2089 | J5: 1.09703 | K5: 1.01873 | L5: 1.0118 | M5: 1.08255 | N5: 1.09055 | O5: 1.18124 | P5: 1.1436 | Q5: 0.265
A6: 36 | B6: 0 | C6: 15 | D6: 18 | E6: 1 | F6: 2026 | G6: 32.5 | H6: 0.74 | I6: 1.20676 | J6: 1.09376 | K6: 1.01782 | L6: 1.01013 | M6: 1.07588 | N6: 1.08958 | O6: 1.17682 | P6: 1.14804 | Q6: 0.26875
A7: 40 | B7: 0 | C7: 15 | D7: 18 | E7: 1 | F7: 2026 | G7: 32.5 | H7: 0.733 | I7: 1.20747 | J7: 1.10582 | K7: 1.01603 | L7: 1.00828 | M7: 1.06994 | N7: 1.08843 | O7: 1.1692 | P7: 1.15447 | Q7: 0.271875
A8: 44 | B8: 0 | C8: 15 | D8: 18 | E8: 1 | F8: 2026 | G8: 32.5 | H8: 0.727 | I8: 1.20569 | J8: 1.08585 | K8: 1.01244 | L8: 1.01459 | M8: 1.06299 | N8: 1.08478 | O8: 1.16102 | P8: 1.1484 | Q8: 0.27625
A9: 47 | B9: 0 | C9: 15 | D9: 18 | E9: 1 | F9: 2026 | G9: 32.5 | H9: 0.721 | I9: 1.23176 | J9: 1.083 | K9: 1.00958 | L9: 1.00477 | M9: 1.05487 | N9: 1.08153 | O9: 1.15903 | P9: 1.14609 | Q9: 0.280625
A10: 51 | B10: 0 | C10: 15 | D10: 18 | E10: 1 | F10: 2026 | G10: 32.5 | H10: 0.719 | I10: 1.19967 | J10: 1.10214 | K10: 1.00603 | L10: 1.00239 | M10: 1.04491 | N10: 1.07962 | O10: 1.14674 | P10: 1.15393 | Q10: 0.284375
A11: 55 | B11: 0 | C11: 15 | D11: 18 | E11: 1 | F11: 2026 | G11: 32.5 | H11: 0.716 | I11: 1.20038 | J11: 1.10288 | K11: 1.00337 | L11: 1.00147 | M11: 1.04971 | N11: 1.07469 | O11: 1.14812 | P11: 1.15465 | Q11: 0.288125
A12: 59 | B12: 0 | C12: 15 | D12: 18 | E12: 1 | F12: 2026 | G12: 32.5 | H12: 0.715 | I12: 1.22406 | J12: 1.07242 | K12: 1.00055 | L12: 1.00092 | M12: 1.03995 | N12: 1.07242 | O12: 1.14063 | P12: 1.1452 | Q12: 0.291875
A13: 2 | B13: 1 | C13: 15 | D13: 18 | E13: 1 | F13: 2026 | G13: 32.5 | H13: 0.714 | I13: 1.22297 | J13: 1.09485 | K13: 0.99739 | L13: 0.99727 | M13: 1.03944 | N13: 1.0694 | O13: 1.14122 | P13: 1.15465 | Q13: 0.295625
... A1284: 23 | B1284: 20 | C1284: 16 | D1284: 18 | E1284: 1 | F1284: 2026 | G1284: 32.2 | H1284: 0.752 | I1284: 1.17473 | J1284: 1.13757 | K1284: 0.92093 | L1284: 1.05324 | M1284: 1.13576 | N1284: 1.04955 | O1284: 1.22367 | P1284: 1.23781 | Q1284: 0.4

Sheet 96%
A1: s | B1: m | C1: h | D1: date | E1: month | F1: year | G1: temp | H1: hum | I1: rs/r0mq4 | J1: rs/r0mq3 | K1: rs/r0mq5 | L1: rs/r0mq6 | M1: rs/r0mq7 | N1: rs/r0mq8 | O1: rs/r0mq9 | P1: rs/r0mq135 | Q1: tempW
A2: 45 | B2: 35 | C2: 13 | D2: 19 | E2: 1 | F2: 2026 | G2: 30.7 | H2: 0.736 | I2: 0.69593 | J2: 0.98476 | K2: 1.12257 | L2: 1.04805 | M2: 1.01579 | N2: 1.22558 | O2: 0.98983 | P2: 1.09983 | Q2: 0.39375
A3: 49 | B3: 35 | C3: 13 | D3: 19 | E3: 1 | F3: 2026 | G3: 30.7 | H3: 0.741 | I3: 0.70477 | J3: 0.99332 | K3: 1.12797 | L3: 1.04727 | M3: 1.01054 | N3: 1.21643 | O3: 0.9748 | P3: 1.09495 | Q3: 0.39375
A4: 53 | B4: 35 | C4: 13 | D4: 19 | E4: 1 | F4: 2026 | G4: 30.7 | H4: 0.747 | I4: 0.69777 | J4: 0.97745 | K4: 1.1187 | L4: 1.04287 | M4: 1.00516 | N4: 1.21373 | O4: 0.96396 | P4: 1.09065 | Q4: 0.39375
A5: 57 | B5: 35 | C5: 13 | D5: 19 | E5: 1 | F5: 2026 | G5: 30.8 | H5: 0.753 | I5: 0.70666 | J5: 0.98589 | K5: 1.11249 | L5: 1.03875 | M5: 1.00028 | N5: 1.17591 | O5: 0.95048 | P5: 1.08285 | Q5: 0.39375
A6: 1 | B6: 36 | C6: 13 | D6: 19 | E6: 1 | F6: 2026 | G6: 30.8 | H6: 0.759 | I6: 0.70927 | J6: 0.97189 | K6: 1.11367 | L6: 1.03798 | M6: 0.99683 | N6: 1.16892 | O6: 0.93941 | P6: 1.07935 | Q6: 0.394375
A7: 5 | B7: 36 | C7: 13 | D7: 19 | E7: 1 | F7: 2026 | G7: 30.8 | H7: 0.764 | I7: 0.71768 | J7: 0.99678 | K7: 1.11959 | L7: 1.04338 | M7: 0.9912 | N7: 1.17217 | O7: 0.93099 | P7: 1.07221 | Q7: 0.39375
A8: 8 | B8: 36 | C8: 13 | D8: 19 | E8: 1 | F8: 2026 | G8: 30.9 | H8: 0.77 | I8: 0.71189 | J8: 0.97466 | K8: 1.11161 | L8: 1.03491 | M8: 0.98856 | N8: 1.16499 | O8: 0.92175 | P8: 1.06621 | Q8: 0.394375
A9: 12 | B9: 36 | C9: 13 | D9: 19 | E9: 1 | F9: 2026 | G9: 31 | H9: 0.776 | I9: 0.7107 | J9: 0.97578 | K9: 1.10546 | L9: 1.03262 | M9: 0.98514 | N9: 1.16453 | O9: 0.91316 | P9: 1.06242 | Q9: 0.394375
A10: 16 | B10: 36 | C10: 13 | D10: 19 | E10: 1 | F10: 2026 | G10: 31 | H10: 0.781 | I10: 0.70974 | J10: 0.9653 | K10: 1.10256 | L10: 1.03008 | M10: 0.98158 | N10: 1.16938 | O10: 0.90655 | P10: 1.05882 | Q10: 0.394375
A11: 20 | B11: 36 | C11: 13 | D11: 19 | E11: 1 | F11: 2026 | G11: 31 | H11: 0.785 | I11: 0.71502 | J11: 0.97189 | K11: 1.10488 | L11: 1.03008 | M11: 0.97896 | N11: 1.16591 | O11: 0.90011 | P11: 1.05274 | Q11: 0.371875
A12: 24 | B12: 36 | C12: 13 | D12: 19 | E12: 1 | F12: 2026 | G12: 31.1 | H12: 0.789 | I12: 0.70927 | J12: 0.96694 | K12: 1.10285 | L12: 1.03211 | M12: 0.97603 | N12: 1.15993 | O12: 0.89126 | P12: 1.04742 | Q12: 0.34625
A13: 28 | B13: 36 | C13: 13 | D13: 19 | E13: 1 | F13: 2026 | G13: 31.1 | H13: 0.793 | I13: 0.71405 | J13: 0.97355 | K13: 1.10459 | L13: 1.02856 | M13: 0.97496 | N13: 1.15604 | O13: 0.88592 | P13: 1.04283 | Q13: 0.328125
... A1505: 38 | B1505: 12 | C1505: 15 | D1505: 19 | E1505: 1 | F1505: 2026 | G1505: 33.6 | H1505: 0.7 | I1505: 0.6267 | J1505: 0.89794 | K1505: 1.07251 | L1505: 0.96723 | M1505: 1.05073 | N1505: 0.99463 | O1505: 0.81107 | P1505: 0.93383 | Q1505: 0.400625

Sheet 93.3%
A1: s | B1: m | C1: h | D1: date | E1: month | F1: year | G1: temp | H1: hum | I1: rs/r0mq4 | J1: rs/r0mq3 | K1: rs/r0mq5 | L1: rs/r0mq6 | M1: rs/r0mq7 | N1: rs/r0mq8 | O1: rs/r0mq9 | P1: rs/r0mq135 | Q1: tempW
A2: 0 | B2: 36 | C2: 16 | D2: 23 | E2: 1 | F2: 2026 | G2: 22.5 | H2: 65 | I2: 1.02013 | J2: 1.01943 | K2: 1.0192 | L2: 1.01497 | M2: 1.01722 | N2: 1.00865 | O2: 1.02129 | P2: 1.00302 | Q2: 0
A3: 6 | B3: 36 | C3: 16 | D3: 23 | E3: 1 | F3: 2026 | G3: 22.5 | H3: 65 | I3: 1.18348 | J3: 1.43657 | K3: 1.13156 | L3: 1.11124 | M3: 1.06424 | N3: 1.07436 | O3: 1.06982 | P3: 1.05095 | Q3: 39.875
A4: 12 | B4: 36 | C4: 16 | D4: 23 | E4: 1 | F4: 2026 | G4: 22.4 | H4: 60.4 | I4: 1.0219 | J4: 0.97739 | K4: 1.02523 | L4: 1.01438 | M4: 1.02449 | N4: 1.00024 | O4: 1.02129 | P4: 1.00106 | Q4: 39.8125
A5: 17 | B5: 36 | C5: 16 | D5: 23 | E5: 1 | F5: 2026 | G5: 22.4 | H5: 59.2 | I5: 0.99388 | J5: 0.94818 | K5: 1.01225 | L5: 1.01349 | M5: 1.02148 | N5: 1.00949 | O5: 1.02066 | P5: 1.01178 | Q5: 39.75
A6: 23 | B6: 36 | C6: 16 | D6: 23 | E6: 1 | F6: 2026 | G6: 22.4 | H6: 58 | I6: 1.00235 | J6: 0.97653 | K6: 1.0139 | L6: 1.01855 | M6: 1.00875 | N6: 1.01652 | O6: 1.01816 | P6: 1.01413 | Q6: 39.6875
A7: 28 | B7: 36 | C7: 16 | D7: 23 | E7: 1 | F7: 2026 | G7: 22.4 | H7: 57.6 | I7: 1.00707 | J7: 0.96887 | K7: 1.01225 | L7: 1.01557 | M7: 0.99573 | N7: 1.01247 | O7: 1.00945 | P7: 1.01178 | Q7: 39
A8: 34 | B8: 36 | C8: 16 | D8: 23 | E8: 1 | F8: 2026 | G8: 22.4 | H8: 57.8 | I8: 1.00364 | J8: 0.96719 | K8: 1.01159 | L8: 1.01587 | M8: 0.98609 | N8: 1.01268 | O8: 1.00265 | P8: 1.01034 | Q8: 37.125
A9: 39 | B9: 36 | C9: 16 | D9: 23 | E9: 1 | F9: 2026 | G9: 22.4 | H9: 58.4 | I9: 1.00107 | J9: 0.96467 | K9: 1.01126 | L9: 1.01676 | M9: 0.97609 | N9: 1.01353 | O9: 0.99805 | P9: 1.00819 | Q9: 35.0625
A10: 45 | B10: 36 | C10: 16 | D10: 23 | E10: 1 | F10: 2026 | G10: 22.3 | H10: 59 | I10: 0.99895 | J10: 0.96049 | K10: 1.01126 | L10: 1.01676 | M10: 0.97069 | N10: 1.0114 | O10: 0.99378 | P10: 1.00605 | Q10: 33.25
A11: 50 | B11: 36 | C11: 16 | D11: 23 | E11: 1 | F11: 2026 | G11: 22.3 | H11: 59.7 | I11: 0.99768 | J11: 0.95635 | K11: 1.01126 | L11: 1.01825 | M11: 0.96636 | N11: 1.01162 | O11: 0.98785 | P11: 1.00515 | Q11: 31.625
A12: 56 | B12: 36 | C12: 16 | D12: 23 | E12: 1 | F12: 2026 | G12: 22.3 | H12: 60.4 | I12: 0.99641 | J12: 0.95307 | K12: 1.01291 | L12: 1.01795 | M12: 0.96071 | N12: 1.01077 | O12: 0.98468 | P12: 1.00373 | Q12: 30.1875
A13: 1 | B13: 37 | C13: 16 | D13: 23 | E13: 1 | F13: 2026 | G13: 22.3 | H13: 61.2 | I13: 0.99726 | J13: 0.95225 | K13: 1.01225 | L13: 1.01915 | M13: 0.95968 | N13: 1.01247 | O13: 0.98091 | P13: 1.00213 | Q13: 28.875
... A1272: 55 | B1272: 32 | C1272: 18 | D1272: 23 | E1272: 1 | F1272: 2026 | G1272: 22.3 | H1272: 65.7 | I1272: 0.83421 | J1272: 0.73082 | K1272: 0.82759 | L1272: 0.87554 | M1272: 0.88843 | N1272: 0.75365 | O1272: 0.853 | P1272: 0.87943 | Q1272: 40

Sheet 12h đo không khí sạch
A1: s | B1: m | C1: h | D1: date | G1: temp | H1: hum | I1: rs/r0mq4 | J1: rs/r0mq3 | K1: rs/r0mq5 | L1: rs/r0mq6 | M1: rs/r0mq7 | N1: rs/r0mq8 | O1: rs/r0mq9 | P1: rs/r0mq135 | Q1: tempW | S1: rs/r0mq4 | T1: rs/r0mq3 | U1: rs/r0mq5 | V1: rs/r0mq6 | W1: rs/r0mq7 | X1: rs/r0mq8 | Y1: rs/r0mq9 | Z1: rs/r0mq135
A2: 14 | B2: 49 | C2: 20 | D2: 23 | E2: =A2+B2*60+C2*60*60+D2*24*60*60-2062154 -> 0 | G2: 19.2 | H2: 73.1 | I2: 1.01538 | J2: 1.00947 | K2: 1.01489 | L2: 1.01034 | M2: 1.00278 | N2: 1.00682 | O2: 1.01374 | P2: 0.99943 | Q2: 0 | R2: RSD | S2: =(_xlfn.STDEV.S(I:I) / AVERAGE(I:I)) -> 0.037061231 | T2: =(_xlfn.STDEV.S(J:J) / AVERAGE(J:J)) -> 0.10469467 | U2: =(_xlfn.STDEV.S(K:K) / AVERAGE(K:K)) -> 0.016098427 | V2: =(_xlfn.STDEV.S(L:L) / AVERAGE(L:L)) -> 0.016596259 | W2: =(_xlfn.STDEV.S(M:M) / AVERAGE(M:M)) -> 0.11348567 | X2: =(_xlfn.STDEV.S(N:N) / AVERAGE(N:N)) -> 0.039940721 | Y2: =(_xlfn.STDEV.S(O:O) / AVERAGE(O:O)) -> 0.077349231 | Z2: =(_xlfn.STDEV.S(P:P) / AVERAGE(P:P)) -> 0.068729903
A3: 19 | B3: 49 | C3: 20 | D3: 23 | E3: =A3+B3*60+C3*60*60+D3*24*60*60-2062154 -> 5 | G3: 19.2 | H3: 73.1 | I3: 1.01491 | J3: 1.00498 | K3: 1.01489 | L3: 1.01034 | M3: 1.00278 | N3: 1.00763 | O3: 1.01483 | P3: 0.99867 | Q3: 38.8125 | R3: Mean | S3: =AVERAGE(I:I) -> 1.0656173 | T3: =AVERAGE(J:J) -> 1.0667439 | U3: =AVERAGE(K:K) -> 0.94229862 | V3: =AVERAGE(L:L) -> 0.9528591 | W3: =AVERAGE(M:M) -> 1.2342058 | X3: =AVERAGE(N:N) -> 1.2370837 | Y3: =AVERAGE(O:O) -> 1.0187205 | Z3: =AVERAGE(P:P) -> 0.95105702
A4: 23 | B4: 49 | C4: 20 | D4: 23 | E4: =A4+B4*60+C4*60*60+D4*24*60*60-2062154 -> 9 | G4: 19.2 | H4: 74.4 | I4: 1.01538 | J4: 1.00677 | K4: 1.0145 | L4: 1.01068 | M4: 1.00032 | N4: 1.00661 | O4: 1.01514 | P4: 0.99603 | Q4: 38.75 | R4: Standard Deviation | S4: =_xlfn.STDEV.S(I:I) -> 0.039493088 | T4: =_xlfn.STDEV.S(J:J) -> 0.1116824 | U4: =_xlfn.STDEV.S(K:K) -> 0.015169526 | V4: =_xlfn.STDEV.S(L:L) -> 0.015813896 | W4: =_xlfn.STDEV.S(M:M) -> 0.14006467 | X4: =_xlfn.STDEV.S(N:N) -> 0.049410017 | Y4: =_xlfn.STDEV.S(O:O) -> 0.078797251 | Z4: =_xlfn.STDEV.S(P:P) -> 0.065366056
A5: 28 | B5: 49 | C5: 20 | D5: 23 | E5: =A5+B5*60+C5*60*60+D5*24*60*60-2062154 -> 14 | G5: 19.2 | H5: 74.7 | I5: 1.01491 | J5: 1.00588 | K5: 1.01332 | L5: 1.00999 | M5: 0.99801 | N5: 1.00621 | O5: 1.00923 | P5: 0.99339 | Q5: 38.6875 | R5: Peak-to-Peak | S5: =MAX(I:I) - MIN(I:I) -> 0.21187 | T5: =MAX(J:J) - MIN(J:J) -> 0.43232 | U5: =MAX(K:K) - MIN(K:K) -> 0.14015 | V5: =MAX(L:L) - MIN(L:L) -> 0.12404 | W5: =MAX(M:M) - MIN(M:M) -> 0.53579 | X5: =MAX(N:N) - MIN(N:N) -> 0.28817 | Y5: =MAX(O:O) - MIN(O:O) -> 0.28096 | Z5: =MAX(P:P) - MIN(P:P) -> 0.23209
A6: 32 | B6: 49 | C6: 20 | D6: 23 | E6: =A6+B6*60+C6*60*60+D6*24*60*60-2062154 -> 18 | G6: 19.2 | H6: 74.8 | I6: 1.02302 | J6: 1.02042 | K6: 1.01963 | L6: 1.01662 | M6: 0.99924 | N6: 1.00906 | O6: 1.01561 | P6: 0.99848 | Q6: 38.6875 | R6: Min | S6: =MIN(I:I) -> 0.8998 | T6: =MIN(J:J) -> 0.7793 | U6: =MIN(K:K) -> 0.88027 | V6: =MIN(L:L) -> 0.89645 | W6: =MIN(M:M) -> 0.83638 | X6: =MIN(N:N) -> 0.9975 | Y6: =MIN(O:O) -> 0.82977 | Z6: =MIN(P:P) -> 0.79757
A7: 37 | B7: 49 | C7: 20 | D7: 23 | E7: =A7+B7*60+C7*60*60+D7*24*60*60-2062154 -> 23 | G7: 19.2 | H7: 75 | I7: 1.02398 | J7: 1.01401 | K7: 1.01884 | L7: 1.01556 | M7: 0.99893 | N7: 1.00947 | O7: 1.0142 | P7: 0.99565 | Q7: 38.6875 | R7: Max | S7: =MAX(I:I) -> 1.11167 | T7: =MAX(J:J) -> 1.21162 | U7: =MAX(K:K) -> 1.02042 | V7: =MAX(L:L) -> 1.02049 | W7: =MAX(M:M) -> 1.37217 | X7: =MAX(N:N) -> 1.28567 | Y7: =MAX(O:O) -> 1.11073 | Z7: =MAX(P:P) -> 1.02966
A8: 41 | B8: 49 | C8: 20 | D8: 23 | E8: =A8+B8*60+C8*60*60+D8*24*60*60-2062154 -> 27 | G8: 19.2 | H8: 75.3 | I8: 1.02158 | J8: 1.01401 | K8: 1.01884 | L8: 1.01521 | M8: 0.9951 | N8: 1.00886 | O8: 1.00845 | P8: 0.99245 | Q8: 38.625 | R8: Drift | S8: =SLOPE(I:I, B:B) -> 5.857931e-06 | T8: =SLOPE(J:J, B:B) -> 7.8022544e-05 | U8: =SLOPE(K:K, B:B) -> 4.7056976e-05 | V8: =SLOPE(L:L, B:B) -> 4.2364774e-05 | W8: =SLOPE(M:M, B:B) -> 0.000121787 | X8: =SLOPE(N:N, B:B) -> -0.00016591309 | Y8: =SLOPE(O:O, B:B) -> 7.1342145e-05 | Z8: =SLOPE(P:P, B:B) -> 9.8117686e-05
A9: 46 | B9: 49 | C9: 20 | D9: 23 | E9: =A9+B9*60+C9*60*60+D9*24*60*60-2062154 -> 32 | G9: 19.2 | H9: 75.5 | I9: 1.01871 | J9: 1.00947 | K9: 1.01607 | L9: 1.01312 | M9: 0.99341 | N9: 1.00825 | O9: 1.00551 | P9: 0.98945 | Q9: 38.625
A10: 50 | B10: 49 | C10: 20 | D10: 23 | E10: =A10+B10*60+C10*60*60+D10*24*60*60-2062154 -> 36 | G10: 19.2 | H10: 75.6 | I10: 1.01966 | J10: 1.00947 | K10: 1.01489 | L10: 1.01207 | M10: 0.99357 | N10: 1.00723 | O10: 1.00428 | P10: 0.98945 | Q10: 38.5625
A11: 55 | B11: 49 | C11: 20 | D11: 23 | E11: =A11+B11*60+C11*60*60+D11*24*60*60-2062154 -> 41 | G11: 19.3 | H11: 75.8 | I11: 1.01919 | J11: 1.00588 | K11: 1.01371 | L11: 1.01312 | M11: 0.9925 | N11: 1.00804 | O11: 1.00212 | P11: 0.98665 | Q11: 38.5
A12: 59 | B12: 49 | C12: 20 | D12: 23 | E12: =A12+B12*60+C12*60*60+D12*24*60*60-2062154 -> 45 | G12: 19.3 | H12: 76 | I12: 1.01823 | J12: 1.00588 | K12: 1.0141 | L12: 1.01242 | M12: 0.99006 | N12: 1.00702 | O12: 1.00135 | P12: 0.98424 | Q12: 38.4375
A13: 4 | B13: 50 | C13: 20 | D13: 23 | E13: =A13+B13*60+C13*60*60+D13*24*60*60-2062154 -> 50 | G13: 19.3 | H13: 76 | I13: 1.01823 | J13: 1.00677 | K13: 1.01332 | L13: 1.01103 | M13: 0.98869 | N13: 1.00723 | O13: 0.99736 | P13: 0.98127 | Q13: 38.4375
A14: 8 | B14: 50 | C14: 20 | D14: 23 | E14: =A14+B14*60+C14*60*60+D14*24*60*60-2062154 -> 54 | G14: 19.3 | H14: 76.1 | I14: 1.01823 | J14: 1.00409 | K14: 1.01293 | L14: 1.01173 | M14: 0.98474 | N14: 1.00641 | O14: 0.99736 | P14: 0.98146 | Q14: 38.375
A15: 13 | B15: 50 | C15: 20 | D15: 23 | E15: =A15+B15*60+C15*60*60+D15*24*60*60-2062154 -> 59 | G15: 19.3 | H15: 76.4 | I15: 1.02494 | J15: 1.0131 | K15: 1.02042 | L15: 1.02049 | M15: 0.99326 | N15: 1.01358 | O15: 1.00582 | P15: 0.99039 | Q15: 38.375
A16: 18 | B16: 50 | C16: 20 | D16: 23 | E16: =A16+B16*60+C16*60*60+D16*24*60*60-2062154 -> 64 | G16: 19.3 | H16: 76.6 | I16: 1.02543 | J16: 1.01583 | K16: 1.02042 | L16: 1.02049 | M16: 0.99173 | N16: 1.01399 | O16: 1.00089 | P16: 0.98758 | Q16: 38.3125
A17: 22 | B17: 50 | C17: 20 | D17: 23 | E17: =A17+B17*60+C17*60*60+D17*24*60*60-2062154 -> 68 | G17: 19.3 | H17: 76.7 | I17: 1.02494 | J17: 1.01583 | K17: 1.02003 | L17: 1.01802 | M17: 0.98656 | N17: 1.01214 | O17: 0.99476 | P17: 0.98368 | Q17: 38.3125
A18: 27 | B18: 50 | C18: 20 | D18: 23 | E18: =A18+B18*60+C18*60*60+D18*24*60*60-2062154 -> 73 | G18: 19.3 | H18: 76.7 | I18: 1.02446 | J18: 1.0131 | K18: 1.01647 | L18: 1.01732 | M18: 0.98141 | N18: 1.01111 | O18: 0.99323 | P18: 0.98054 | Q18: 38.3125
A19: 31 | B19: 50 | C19: 20 | D19: 23 | E19: =A19+B19*60+C19*60*60+D19*24*60*60-2062154 -> 77 | G19: 19.3 | H19: 77 | I19: 1.02398 | J19: 1.01128 | K19: 1.01568 | L19: 1.01556 | M19: 0.97975 | N19: 1.00804 | O19: 0.98775 | P19: 0.97851 | Q19: 0
A20: 36 | B20: 50 | C20: 20 | D20: 23 | E20: =A20+B20*60+C20*60*60+D20*24*60*60-2062154 -> 82 | G20: 19.3 | H20: 77.1 | I20: 1.02206 | J20: 1.01038 | K20: 1.0141 | L20: 1.01417 | M20: 0.97915 | N20: 1.00927 | O20: 0.9873 | P20: 0.97575 | Q20: 38.1875
... A9325: 52 | B9325: 32 | C9325: 8 | D9325: 24 | E9325: =A9325+B9325*60+C9325*60*60+D9325*24*60*60-2062154 -> 42218 | G9325: 20.9 | H9325: 75 | I9325: 1.09512 | J9325: 1.14721 | K9325: 0.90794 | L9325: 0.92336 | M9325: 1.25131 | N9325: 1.1935 | O9325: 1.04993 | P9325: 0.97557 | Q9325: 12.375

Sheet drift offset
A1: s | B1: m | C1: h | D1: date | E1: month | F1: year | G1: temp | H1: hum | I1: rs/r0mq3 | J1: rs/r0mq4 | K1: rs/r0mq5 | L1: rs/r0mq6 | M1: rs/r0mq7 | N1: rs/r0mq8 | O1: rs/r0mq9 | P1: rs/r0mq135 | Q1: hum
A2: 41 | B2: 52 | C2: 20 | D2: 15 | E2: 1 | F2: 2026 | G2: 27.8 | H2: 64.2 | I2: 1.01121 | J2: 1.00824 | K2: 1.00601 | L2: 1.00277 | N2: 1.00597 | O2: 1.00472 | P2: 0.99948 | Q2: =H2/100 -> 0.642
A3: 45 | B3: 52 | C3: 20 | D3: 15 | E3: 1 | F3: 2026 | G3: 27.8 | H3: 64.2 | I3: 1.05332 | J3: 1.06157 | K3: 1.02934 | L3: 1.02587 | M3: 1.01953 | N3: 1.0315 | O3: 1.01645 | P3: 1.01552 | Q3: =H3/100 -> 0.642
A4: 49 | B4: 52 | C4: 20 | D4: 15 | E4: 1 | F4: 2026 | G4: 27.9 | H4: 64.1 | I4: 1.02232 | J4: 1.02429 | K4: 1.00408 | L4: 1.00318 | M4: 1.00775 | N4: 1.01301 | O4: 1.00347 | P4: 0.99948 | Q4: =H4/100 -> 0.641
A5: 53 | B5: 52 | C5: 20 | D5: 15 | E5: 1 | F5: 2026 | G5: 27.9 | H5: 64.1 | I5: 1.00694 | J5: 1.0021 | K5: 1.01357 | L5: 0.99772 | M5: 1.00323 | N5: 1.00173 | O5: 1.0108 | P5: 1.00017 | Q5: =H5/100 -> 0.641
A6: 57 | B6: 52 | C6: 20 | D6: 15 | E6: 1 | F6: 2026 | G6: 27.9 | H6: 64 | I6: 1.01029 | J6: 1.01406 | K6: 1.00543 | L6: 0.99994 | M6: 1.01041 | N6: 1.00279 | O6: 1.01174 | P6: 1.00537 | Q6: =H6/100 -> 0.64
A7: 1 | B7: 53 | C7: 20 | D7: 15 | E7: 1 | F7: 2026 | G7: 27.9 | H7: 64 | I7: 1.0109 | J7: 1.01211 | K7: 1.01709 | L7: 1.01258 | M7: 1.00121 | N7: 1.01732 | O7: 1.00736 | P7: 1.00035 | Q7: =H7/100 -> 0.64
A8: 5 | B8: 53 | C8: 20 | D8: 15 | E8: 1 | F8: 2026 | G8: 28 | H8: 64 | I8: 1.01952 | J8: 1.02907 | K8: 1.01221 | L8: 1.00541 | M8: 1.01119 | N8: 1.00852 | O8: 1.00971 | P8: 1.00641 | Q8: =H8/100 -> 0.64
A9: 9 | B9: 53 | C9: 20 | D9: 15 | E9: 1 | F9: 2026 | G9: 28 | H9: 64 | I9: 1.0189 | J9: 1.01954 | K9: 1.01299 | L9: 1.00745 | M9: 1.00106 | N9: 1.00937 | O9: 1.01002 | P9: 1.00259 | Q9: =H9/100 -> 0.64
A10: 13 | B10: 53 | C10: 20 | D10: 15 | E10: 1 | F10: 2026 | G10: 28 | H10: 63.9 | I10: 1.02576 | J10: 1.02747 | K10: 1.01572 | L10: 1.00909 | M10: 1.00525 | N10: 1.0128 | O10: 1.01566 | P10: 1.00746 | Q10: =H10/100 -> 0.639
A11: 17 | B11: 53 | C11: 20 | D11: 15 | E11: 1 | F11: 2026 | G11: 28 | H11: 64 | I11: 1.04486 | J11: 1.0486 | K11: 1.03374 | L11: 1.02944 | M11: 1.00666 | N11: 1.02361 | O11: 1.01818 | P11: 1.01253 | Q11: =H11/100 -> 0.64
A12: 20 | B12: 53 | C12: 20 | D12: 15 | E12: 1 | F12: 2026 | G12: 28 | H12: 64 | I12: 1.04357 | J12: 1.06073 | K12: 1.02616 | L12: 1.02002 | M12: 1.00463 | N12: 1.02514 | O12: 1.01945 | P12: 1.01623 | Q12: =H12/100 -> 0.64
A13: 24 | B13: 53 | C13: 20 | D13: 15 | E13: 1 | F13: 2026 | G13: 28 | H13: 64 | I13: 1.04357 | J13: 1.04736 | K13: 1.02556 | L13: 1.01961 | M13: 1.0023 | N13: 1.02557 | O13: 1.02387 | P13: 1.0187 | Q13: =H13/100 -> 0.64
A14: 28 | B14: 53 | C14: 20 | D14: 15 | E14: 1 | F14: 2026 | G14: 28.1 | H14: 64.1 | I14: 1.03333 | J14: 1.05484 | K14: 1.02695 | L14: 1.0244 | M14: 1.0037 | N14: 1.03571 | O14: 1.01976 | P14: 1.01446 | Q14: =H14/100 -> 0.641
... A304: 39 | B304: 12 | C304: 21 | D304: 15 | E304: 1 | F304: 2026 | G304: 30.7 | H304: 61.4 | I304: 0.97131 | J304: 0.66062 | K304: 0.77355 | L304: 0.79592 | M304: 0.59985 | N304: 0.78793 | O304: 0.53276 | P304: 0.59069 | Q304: =H304/100 -> 0.614
A305: 43 | B305: 12 | C305: 21 | D305: 15 | E305: 1 | F305: 2026 | G305: 0 | H305: 0 | I305: 0.94398 | J305: 0.64386 | K305: 0.75808 | L305: 0.77945 | M305: 0.59122 | N305: 0.76956 | O305: 0.52957 | P305: 0.58685
A306: 47 | B306: 12 | C306: 21 | D306: 15 | E306: 1 | F306: 2026 | G306: 30.7 | H306: 61.9 | I306: 0.93667 | J306: 0.63749 | K306: 0.76069 | L306: 0.78171 | M306: 0.58108 | N306: 0.76145 | O306: 0.51471 | P306: 0.5746 | Q306: =H306/100 -> 0.619
A307: 51 | B307: 12 | C307: 21 | D307: 15 | E307: 1 | F307: 2026 | G307: 30.6 | H307: 62.6 | I307: 0.99373 | J307: 0.66605 | K307: 0.76174 | L307: 0.78527 | M307: 0.58941 | N307: 0.77345 | O307: 0.51636 | P307: 0.57988 | Q307: =H307/100 -> 0.626
A308: 55 | B308: 12 | C308: 21 | D308: 15 | E308: 1 | F308: 2026 | G308: 30.6 | H308: 63.5 | I308: 0.94343 | J308: 0.62728 | K308: 0.74607 | L308: 0.76882 | M308: 0.56452 | N308: 0.75625 | O308: 0.50029 | P308: 0.55932 | Q308: =H308/100 -> 0.635
A309: 59 | B309: 12 | C309: 21 | D309: 15 | E309: 1 | F309: 2026 | G309: 30.6 | H309: 64.6 | I309: 0.91895 | J309: 0.61684 | K309: 0.73194 | L309: 0.75257 | M309: 0.56572 | N309: 0.74014 | O309: 0.51443 | P309: 0.56262 | Q309: =H309/100 -> 0.646
A310: 3 | B310: 13 | C310: 21 | D310: 15 | E310: 1 | F310: 2026 | G310: 30.6 | H310: 65.7 | I310: 0.91249 | J310: 0.61222 | K310: 0.75418 | L310: 0.77607 | M310: 0.55565 | N310: 0.7342 | O310: 0.50319 | P310: 0.55458 | Q310: =H310/100 -> 0.657
A311: 7 | B311: 13 | C311: 21 | D311: 15 | E311: 1 | F311: 2026 | G311: 30.6 | H311: 66.5 | I311: 0.96846 | J311: 0.64546 | K311: 0.73896 | L311: 0.76125 | M311: 0.55103 | N311: 0.75864 | O311: 0.49848 | P311: 0.55107 | Q311: =H311/100 -> 0.665

Sheet driff hum
A1: Time | B1: hum | C1: r
A2: 38 | B2: 80.3 | C2: 75
A3: 42 | B3: 79.7 | C3: 75
A4: 46 | B4: 79.1 | C4: 75
A5: 50 | B5: 78.3 | C5: 75
A6: 53 | B6: 77.4 | C6: 75
A7: 57 | B7: 76.8 | C7: 75
A8: 61 | B8: 75.8 | C8: 75
A9: 65 | B9: 75.3 | C9: 75
A10: 69 | B10: 74.5 | C10: 75
A11: 73 | B11: 73.8 | C11: 75
A12: 76 | B12: 73.2 | C12: 75
A13: 80 | B13: 72.5 | C13: 75
... A137: 555 | B137: 77 | C137: 75

Sheet PID CONTROL
A1: hum | B1: r
A2: 74.1 | B2: 75
A3: 74.1 | B3: 75
A4: 71.1 | B4: 75
A5: 70.7 | B5: 75
A6: 71.2 | B6: 75
A7: 72.2 | B7: 75
A8: 72.9 | B8: 75
A9: 73.5 | B9: 75
A10: 73.9 | B10: 75
A11: 74.4 | B11: 75
A12: 74.9 | B12: 75
A13: 75.3 | B13: 75
... A296: 74.2 | B296: 75

Sheet 100% R
A1: s | B1: m | C1: h | D1: date | G1: temp | H1: hum | I1: rs/r0mq4 | J1: rs/r0mq3 | K1: rs/r0mq5 | L1: rs/r0mq6 | M1: rs/r0mq7 | N1: rs/r0mq8 | O1: rs/r0mq9 | P1: rs/r0mq135 | Q1: tempW | S1: rs/r0mq4 | T1: rs/r0mq3 | U1: rs/r0mq5 | V1: rs/r0mq6 | W1: rs/r0mq7 | X1: rs/r0mq8 | Y1: rs/r0mq9 | Z1: rs/r0mq135
A2: 21 | B2: 48 | C2: 15 | D2: 18 | E2: =A2+B2*60+C2*60*60+D2*24*60*60-1612101 -> 0 | G2: 32.6 | H2: 0.751 | I2: 1.13957 | J2: 1.10804 | K2: 0.88454 | L2: 1.02246 | M2: 1.11348 | N2: 1.03556 | O2: 1.19541 | P2: 1.22227 | Q2: 0.4 | R2: RSD | S2: =(_xlfn.STDEV.S(I:I) / AVERAGE(I:I)) -> 0.013694781 | T2: =(_xlfn.STDEV.S(J:J) / AVERAGE(J:J)) -> 0.016626074 | U2: =(_xlfn.STDEV.S(K:K) / AVERAGE(K:K)) -> 0.01244606 | V2: =(_xlfn.STDEV.S(L:L) / AVERAGE(L:L)) -> 0.012971858 | W2: =(_xlfn.STDEV.S(M:M) / AVERAGE(M:M)) -> 0.01142114 | X2: =(_xlfn.STDEV.S(N:N) / AVERAGE(N:N)) -> 0.012671749 | Y2: =(_xlfn.STDEV.S(O:O) / AVERAGE(O:O)) -> 0.0112951 | Z2: =(_xlfn.STDEV.S(P:P) / AVERAGE(P:P)) -> 0.0071259376
A3: 25 | B3: 48 | C3: 15 | D3: 18 | E3: =A3+B3*60+C3*60*60+D3*24*60*60-1612101 -> 4 | G3: 32.6 | H3: 0.752 | I3: 1.15032 | J3: 1.10841 | K3: 0.87209 | L3: 1.00294 | M3: 1.11456 | N3: 1.01794 | O3: 1.20457 | P3: 1.22246 | Q3: 0.4 | R3: Mean | S3: =AVERAGE(I:I) -> 1.1548564 | T3: =AVERAGE(J:J) -> 1.1431902 | U3: =AVERAGE(K:K) -> 0.89414161 | V3: =AVERAGE(L:L) -> 1.029105 | W3: =AVERAGE(M:M) -> 1.1339036 | X3: =AVERAGE(N:N) -> 1.0447976 | Y3: =AVERAGE(O:O) -> 1.221593 | Z3: =AVERAGE(P:P) -> 1.2459507
A4: 28 | B4: 48 | C4: 15 | D4: 18 | E4: =A4+B4*60+C4*60*60+D4*24*60*60-1612101 -> 7 | G4: 32.6 | H4: 0.753 | I4: 1.14054 | J4: 1.15404 | K4: 0.87106 | L4: 1.00074 | M4: 1.12939 | N4: 1.01724 | O4: 1.21256 | P4: 1.23781 | Q4: 0.4 | R4: Standard Deviation | S4: =_xlfn.STDEV.S(I:I) -> 0.015815505 | T4: =_xlfn.STDEV.S(J:J) -> 0.019006764 | U4: =_xlfn.STDEV.S(K:K) -> 0.01112854 | V4: =_xlfn.STDEV.S(L:L) -> 0.013349404 | W4: =_xlfn.STDEV.S(M:M) -> 0.012950472 | X4: =_xlfn.STDEV.S(N:N) -> 0.013239413 | Y4: =_xlfn.STDEV.S(O:O) -> 0.013798015 | Z4: =_xlfn.STDEV.S(P:P) -> 0.0088785669
A5: 32 | B5: 48 | C5: 15 | D5: 18 | E5: =A5+B5*60+C5*60*60+D5*24*60*60-1612101 -> 11 | G5: 32.6 | H5: 0.751 | I5: 1.13892 | J5: 1.10878 | K5: 0.88499 | L5: 1.0202 | M5: 1.11528 | N5: 1.03036 | O5: 1.19561 | P5: 1.22303 | Q5: 0.400625 | R5: Peak-to-Peak | S5: =MAX(I:I) - MIN(I:I) -> 0.05848 | T5: =MAX(J:J) - MIN(J:J) -> 0.09118 | U5: =MAX(K:K) - MIN(K:K) -> 0.06374 | V5: =MAX(L:L) - MIN(L:L) -> 0.06179 | W5: =MAX(M:M) - MIN(M:M) -> 0.05866 | X5: =MAX(N:N) - MIN(N:N) -> 0.05763 | Y5: =MAX(O:O) - MIN(O:O) -> 0.06225 | Z5: =MAX(P:P) - MIN(P:P) -> 0.04947
A6: 36 | B6: 48 | C6: 15 | D6: 18 | E6: =A6+B6*60+C6*60*60+D6*24*60*60-1612101 -> 15 | G6: 32.6 | H6: 0.753 | I6: 1.14967 | J6: 1.10841 | K6: 0.87755 | L6: 1.00698 | M6: 1.11492 | N6: 1.01935 | O6: 1.19886 | P6: 1.22303 | Q6: 0.4 | R6: Min | S6: =MIN(I:I) -> 1.13313 | T6: =MIN(J:J) -> 1.10804 | U6: =MIN(K:K) -> 0.86479 | V6: =MIN(L:L) -> 1.00074 | W6: =MIN(M:M) -> 1.11204 | X6: =MIN(N:N) -> 1.01724 | Y6: =MIN(O:O) -> 1.19541 | Z6: =MIN(P:P) -> 1.22227
A7: 40 | B7: 48 | C7: 15 | D7: 18 | E7: =A7+B7*60+C7*60*60+D7*24*60*60-1612101 -> 19 | G7: 32.6 | H7: 0.752 | I7: 1.1683 | J7: 1.14732 | K7: 0.87209 | L7: 1.00312 | M7: 1.1323 | N7: 1.01724 | O7: 1.21317 | P7: 1.23549 | Q7: 0.4 | R7: Max | S7: =MAX(I:I) -> 1.19161 | T7: =MAX(J:J) -> 1.19922 | U7: =MAX(K:K) -> 0.92853 | V7: =MAX(L:L) -> 1.06253 | W7: =MAX(M:M) -> 1.1707 | X7: =MAX(N:N) -> 1.07487 | Y7: =MAX(O:O) -> 1.25766 | Z7: =MAX(P:P) -> 1.27174
A8: 43 | B8: 48 | C8: 15 | D8: 18 | E8: =A8+B8*60+C8*60*60+D8*24*60*60-1612101 -> 22 | G8: 32.6 | H8: 0.751 | I8: 1.13957 | J8: 1.12301 | K8: 0.8696 | L8: 1.00312 | M8: 1.1178 | N8: 1.01759 | O8: 1.19886 | P8: 1.22991 | Q8: 0.4 | R8: Drift | S8: =SLOPE(I:I, B:B) -> -6.2803028e-05 | T8: =SLOPE(J:J, B:B) -> -0.00036537044 | U8: =SLOPE(K:K, B:B) -> -0.00011175748 | V8: =SLOPE(L:L, B:B) -> -0.00033244312 | W8: =SLOPE(M:M, B:B) -> -0.00030185454 | X8: =SLOPE(N:N, B:B) -> -0.00033574518 | Y8: =SLOPE(O:O, B:B) -> -0.00032380892 | Z8: =SLOPE(P:P, B:B) -> -0.00020511941
A9: 47 | B9: 48 | C9: 15 | D9: 18 | E9: =A9+B9*60+C9*60*60+D9*24*60*60-1612101 -> 26 | G9: 32.5 | H9: 0.752 | I9: 1.15263 | J9: 1.10952 | K9: 0.86828 | L9: 1.00846 | M9: 1.1187 | N9: 1.01812 | O9: 1.20539 | P9: 1.22494 | Q9: 0.4
A10: 51 | B10: 48 | C10: 15 | D10: 18 | E10: =A10+B10*60+C10*60*60+D10*24*60*60-1612101 -> 30 | G10: 32.6 | H10: 0.752 | I10: 1.14541 | J10: 1.13101 | K10: 0.8743 | L10: 1.00441 | M10: 1.13357 | N10: 1.01882 | O10: 1.21708 | P10: 1.23434 | Q10: 0.4
A11: 55 | B11: 48 | C11: 15 | D11: 18 | E11: =A11+B11*60+C11*60*60+D11*24*60*60-1612101 -> 34 | G11: 32.6 | H11: 0.752 | I11: 1.13924 | J11: 1.12948 | K11: 0.87873 | L11: 1.00386 | M11: 1.11798 | N11: 1.01917 | O11: 1.2011 | P11: 1.2328 | Q11: 0.400625
A12: 58 | B12: 48 | C12: 15 | D12: 18 | E12: =A12+B12*60+C12*60*60+D12*24*60*60-1612101 -> 37 | G12: 32.6 | H12: 0.752 | I12: 1.14054 | J12: 1.1166 | K12: 0.89752 | L12: 1.0033 | M12: 1.12087 | N12: 1.04044 | O12: 1.20253 | P12: 1.22857 | Q12: 0.4
A13: 2 | B13: 49 | C13: 15 | D13: 18 | E13: =A13+B13*60+C13*60*60+D13*24*60*60-1612101 -> 41 | G13: 32.5 | H13: 0.751 | I13: 1.14151 | J13: 1.14929 | K13: 0.88066 | L13: 1.00386 | M13: 1.13686 | N13: 1.01988 | O13: 1.21666 | P13: 1.23839 | Q13: 0.4
A14: 6 | B14: 49 | C14: 15 | D14: 18 | E14: =A14+B14*60+C14*60*60+D14*24*60*60-1612101 -> 45 | G14: 32.6 | H14: 0.751 | I14: 1.14184 | J14: 1.12529 | K14: 0.87962 | L14: 1.00588 | M14: 1.12594 | N14: 1.02041 | O14: 1.206 | P14: 1.23395 | Q14: 0.4
A15: 10 | B15: 49 | C15: 15 | D15: 18 | E15: =A15+B15*60+C15*60*60+D15*24*60*60-1612101 -> 49 | G15: 32.6 | H15: 0.751 | I15: 1.14119 | J15: 1.111 | K15: 0.8957 | L15: 1.00551 | M15: 1.12213 | N15: 1.03215 | O15: 1.20498 | P15: 1.22991 | Q15: 0.4
A16: 13 | B16: 49 | C16: 15 | D16: 18 | E16: =A16+B16*60+C16*60*60+D16*24*60*60-1612101 -> 52 | G16: 32.6 | H16: 0.751 | I16: 1.14313 | J16: 1.111 | K16: 0.88394 | L16: 1.02567 | M16: 1.1234 | N16: 1.03179 | O16: 1.20457 | P16: 1.22781 | Q16: 0.4
A17: 17 | B17: 49 | C17: 15 | D17: 18 | E17: =A17+B17*60+C17*60*60+D17*24*60*60-1612101 -> 56 | G17: 32.6 | H17: 0.749 | I17: 1.1826 | J17: 1.11063 | K17: 0.88036 | L17: 1.00865 | M17: 1.12358 | N17: 1.02076 | O17: 1.21153 | P17: 1.228 | Q17: 0.4
A18: 21 | B18: 49 | C18: 15 | D18: 18 | E18: =A18+B18*60+C18*60*60+D18*24*60*60-1612101 -> 60 | G18: 32.6 | H18: 0.75 | I18: 1.14248 | J18: 1.11249 | K18: 0.88649 | L18: 1.00625 | M18: 1.12412 | N18: 1.02235 | O18: 1.20559 | P18: 1.23107 | Q18: 0.4
A19: 25 | B19: 49 | C19: 15 | D19: 18 | E19: =A19+B19*60+C19*60*60+D19*24*60*60-1612101 -> 64 | G19: 32.5 | H19: 0.75 | I19: 1.14119 | J19: 1.111 | K19: 0.89691 | L19: 1.02643 | M19: 1.1234 | N19: 1.03989 | O19: 1.20539 | P19: 1.22819 | Q19: 0.4
A20: 28 | B20: 49 | C20: 15 | D20: 18 | E20: =A20+B20*60+C20*60*60+D20*24*60*60-1612101 -> 67 | G20: 32.5 | H20: 0.75 | I20: 1.18192 | J20: 1.11212 | K20: 0.88334 | L20: 1.01217 | M20: 1.12322 | N20: 1.02076 | O20: 1.20641 | P20: 1.22934 | Q20: 0.4
... A515: 23 | B515: 20 | C515: 16 | D515: 18 | E515: =A515+B515*60+C515*60*60+D515*24*60*60-1612101 -> 1922 | G515: 32.2 | H515: 0.752 | I515: 1.17473 | J515: 1.13757 | K515: 0.92093 | L515: 1.05324 | M515: 1.13576 | N515: 1.04955 | O515: 1.22367 | P515: 1.23781 | Q515: 0.4

Sheet tổng kết
A1: Chỉ số | B1: rs/r0mq4 | C1: rs/r0mq3 | D1: rs/r0mq5 | E1: rs/r0mq6 | F1: rs/r0mq7 | G1: rs/r0mq8 | H1: rs/r0mq9 | I1: rs/r0mq135
A2: Mean 100% | B2: 1.1548564 | C2: 1.1431902 | D2: 0.89414161 | E2: 1.029105 | F2: 1.1339036 | G2: 1.0447976 | H2: 1.221593 | I2: 1.2459507
A3: Mean 96.8% | B3: 0.62033024 | C3: 0.86180403 | D3: 1.0532915 | E3: 0.95072079 | F3: 1.0265113 | G3: 0.98180618 | H3: 0.79345379 | I3: 0.91703962
A4: Mean 93.3% | B4: 0.83642338 | C4: 0.70426279 | D4: 0.83256904 | E4: 0.84569746 | F4: 0.88331312 | G4: 0.76717254 | H4: 0.84625563 | I4: 0.87651232
A5: Độ nhạy | B5: rs/r0mq4 | C5: rs/r0mq3 | D5: rs/r0mq5 | E5: rs/r0mq6 | F5: rs/r0mq7 | G5: rs/r0mq8 | H5: rs/r0mq9 | I5: rs/r0mq135
A6: Mean 100% | B6: =1/B2 -> 0.86590852 | C6: =1/C2 -> 0.8747451 | D6: =1/D2 -> 1.1183911 | E6: =1/E2 -> 0.97171814 | F6: =1/F2 -> 0.88190919 | G6: =1/G2 -> 0.95712319 | H6: =1/H2 -> 0.81860327 | I6: =1/I2 -> 0.80259999
A7: Mean 96.8% | B7: =1/B3 -> 1.6120446 | C7: =1/C3 -> 1.1603566 | D7: =1/D3 -> 0.94940479 | E7: =1/E3 -> 1.0518335 | F7: =1/F3 -> 0.9741734 | G7: =1/G3 -> 1.018531 | H7: =1/H3 -> 1.2603128 | I7: =1/I3 -> 1.0904654
A8: Mean 93.3% | B8: =1/B4 -> 1.1955668 | C8: =1/C4 -> 1.4199245 | D8: =1/D4 -> 1.2011016 | E8: =1/E4 -> 1.182456 | F8: =1/F4 -> 1.1321014 | G8: =1/G4 -> 1.3034877 | H8: =1/H4 -> 1.181676 | I8: =1/I4 -> 1.1408853

Sheet 96% R
A1: s | B1: m | C1: h | D1: date | G1: temp | H1: hum | I1: rs/r0mq4 | J1: rs/r0mq3 | K1: rs/r0mq5 | L1: rs/r0mq6 | M1: rs/r0mq7 | N1: rs/r0mq8 | O1: rs/r0mq9 | P1: rs/r0mq135 | Q1: tempW | S1: rs/r0mq4 | T1: rs/r0mq3 | U1: rs/r0mq5 | V1: rs/r0mq6 | W1: rs/r0mq7 | X1: rs/r0mq8 | Y1: rs/r0mq9 | Z1: rs/r0mq135
A2: 47 | B2: 50 | C2: 14 | D2: 19 | E2: =A2+B2*60+C2*60*60+D2*24*60*60-1695047 -> 0 | G2: 33.2 | H2: 0.724 | I2: 0.60942 | J2: 0.80586 | K2: 1.03481 | L2: 0.92288 | M2: 0.97711 | N2: 0.9439 | O2: 0.75435 | P2: 0.88779 | Q2: 0.4 | R2: RSD | S2: =(_xlfn.STDEV.S(I:I) / AVERAGE(I:I)) -> 0.0093203841 | T2: =(_xlfn.STDEV.S(J:J) / AVERAGE(J:J)) -> 0.027017701 | U2: =(_xlfn.STDEV.S(K:K) / AVERAGE(K:K)) -> 0.0089047754 | V2: =(_xlfn.STDEV.S(L:L) / AVERAGE(L:L)) -> 0.014253819 | W2: =(_xlfn.STDEV.S(M:M) / AVERAGE(M:M)) -> 0.02102059 | X2: =(_xlfn.STDEV.S(N:N) / AVERAGE(N:N)) -> 0.01648906 | Y2: =(_xlfn.STDEV.S(O:O) / AVERAGE(O:O)) -> 0.020410294 | Z2: =(_xlfn.STDEV.S(P:P) / AVERAGE(P:P)) -> 0.018113035
A3: 51 | B3: 50 | C3: 14 | D3: 19 | E3: =A3+B3*60+C3*60*60+D3*24*60*60-1695047 -> 4 | G3: 33.2 | H3: 0.725 | I3: 0.62345 | J3: 0.80743 | K3: 1.03351 | L3: 0.9347 | M3: 0.97665 | N3: 0.94441 | O3: 0.76229 | P3: 0.89576 | Q3: 0.4 | R3: Mean | S3: =AVERAGE(I:I) -> 0.62033024 | T3: =AVERAGE(J:J) -> 0.86180403 | U3: =AVERAGE(K:K) -> 1.0532915 | V3: =AVERAGE(L:L) -> 0.95072079 | W3: =AVERAGE(M:M) -> 1.0265113 | X3: =AVERAGE(N:N) -> 0.98180618 | Y3: =AVERAGE(O:O) -> 0.79345379 | Z3: =AVERAGE(P:P) -> 0.91703962
A4: 55 | B4: 50 | C4: 14 | D4: 19 | E4: =A4+B4*60+C4*60*60+D4*24*60*60-1695047 -> 8 | G4: 33.2 | H4: 0.724 | I4: 0.60851 | J4: 0.80274 | K4: 1.03507 | L4: 0.92118 | M4: 0.98592 | N4: 0.95216 | O4: 0.75512 | P4: 0.88679 | Q4: 0.4 | R4: Standard Deviation | S4: =_xlfn.STDEV.S(I:I) -> 0.0057817161 | T4: =_xlfn.STDEV.S(J:J) -> 0.023283963 | U4: =_xlfn.STDEV.S(K:K) -> 0.0093793243 | V4: =_xlfn.STDEV.S(L:L) -> 0.013551402 | W4: =_xlfn.STDEV.S(M:M) -> 0.021577873 | X4: =_xlfn.STDEV.S(N:N) -> 0.016189061 | Y4: =_xlfn.STDEV.S(O:O) -> 0.016194625 | Z4: =_xlfn.STDEV.S(P:P) -> 0.016610371
A5: 58 | B5: 50 | C5: 14 | D5: 19 | E5: =A5+B5*60+C5*60*60+D5*24*60*60-1695047 -> 11 | G5: 33.2 | H5: 0.725 | I5: 0.61966 | J5: 0.82506 | K5: 1.05554 | L5: 0.92373 | M5: 0.97834 | N5: 0.94407 | O5: 0.76255 | P5: 0.8875 | Q5: 0.4 | R5: Peak-to-Peak | S5: =MAX(I:I) - MIN(I:I) -> 0.03031 | T5: =MAX(J:J) - MIN(J:J) -> 0.11319 | U5: =MAX(K:K) - MIN(K:K) -> 0.06876 | V5: =MAX(L:L) - MIN(L:L) -> 0.0623 | W5: =MAX(M:M) - MIN(M:M) -> 0.08564 | X5: =MAX(N:N) - MIN(N:N) -> 0.06503 | Y5: =MAX(O:O) - MIN(O:O) -> 0.06685 | Z5: =MAX(P:P) - MIN(P:P) -> 0.05951
A6: 2 | B6: 51 | C6: 14 | D6: 19 | E6: =A6+B6*60+C6*60*60+D6*24*60*60-1695047 -> 15 | G6: 33.2 | H6: 0.724 | I6: 0.60979 | J6: 0.8043 | K6: 1.03743 | L6: 0.92267 | M6: 0.97926 | N6: 0.94493 | O6: 0.75665 | P6: 0.89169 | Q6: 0.4 | R6: Min | S6: =MIN(I:I) -> 0.60851 | T6: =MIN(J:J) -> 0.80274 | U6: =MIN(K:K) -> 1.03351 | V6: =MIN(L:L) -> 0.92118 | W6: =MIN(M:M) -> 0.97665 | X6: =MIN(N:N) -> 0.9439 | Y6: =MIN(O:O) -> 0.75435 | Z6: =MIN(P:P) -> 0.88434
A7: 6 | B7: 51 | C7: 14 | D7: 19 | E7: =A7+B7*60+C7*60*60+D7*24*60*60-1695047 -> 19 | G7: 33.2 | H7: 0.723 | I7: 0.61145 | J7: 0.81336 | K7: 1.03796 | L7: 0.92331 | M7: 0.97973 | N7: 0.95633 | O7: 0.75665 | P7: 0.88679 | Q7: 0.4 | R7: Max | S7: =MAX(I:I) -> 0.63882 | T7: =MAX(J:J) -> 0.91593 | U7: =MAX(K:K) -> 1.10227 | V7: =MAX(L:L) -> 0.98348 | W7: =MAX(M:M) -> 1.06229 | X7: =MAX(N:N) -> 1.00893 | Y7: =MAX(O:O) -> 0.8212 | Z7: =MAX(P:P) -> 0.94385
A8: 10 | B8: 51 | C8: 14 | D8: 19 | E8: =A8+B8*60+C8*60*60+D8*24*60*60-1695047 -> 23 | G8: 33.2 | H8: 0.725 | I8: 0.61404 | J8: 0.80664 | K8: 1.03717 | L8: 0.92352 | M8: 0.98871 | N8: 0.94767 | O8: 0.75704 | P8: 0.88664 | Q8: 0.4 | R8: Drift | S8: =SLOPE(I:I, B:B) -> -5.5766724e-05 | T8: =SLOPE(J:J, B:B) -> -0.00064745545 | U8: =SLOPE(K:K, B:B) -> -8.0012234e-05 | V8: =SLOPE(L:L, B:B) -> -0.00037292002 | W8: =SLOPE(M:M, B:B) -> -0.00067802445 | X8: =SLOPE(N:N, B:B) -> -0.00050640901 | Y8: =SLOPE(O:O, B:B) -> -0.00049724206 | Z8: =SLOPE(P:P, B:B) -> -0.00054729701
A9: 14 | B9: 51 | C9: 14 | D9: 19 | E9: =A9+B9*60+C9*60*60+D9*24*60*60-1695047 -> 27 | G9: 33.2 | H9: 0.724 | I9: 0.61404 | J9: 0.84725 | K9: 1.10227 | L9: 0.92416 | M9: 0.98127 | N9: 0.94613 | O9: 0.75742 | P9: 0.88679 | Q9: 0.4
A10: 18 | B10: 51 | C10: 14 | D10: 19 | E10: =A10+B10*60+C10*60*60+D10*24*60*60-1695047 -> 31 | G10: 33.2 | H10: 0.724 | I10: 0.6189 | J10: 0.80704 | K10: 1.03638 | L10: 0.92331 | M10: 0.98173 | N10: 0.94681 | O10: 0.75857 | P10: 0.89053 | Q10: 0.4
A11: 22 | B11: 51 | C11: 14 | D11: 19 | E11: =A11+B11*60+C11*60*60+D11*24*60*60-1695047 -> 35 | G11: 33.2 | H11: 0.724 | I11: 0.6146 | J11: 0.8094 | K11: 1.0356 | L11: 0.92395 | M11: 0.99042 | N11: 0.95737 | O11: 0.75844 | P11: 0.88434 | Q11: 0.4
A12: 26 | B12: 51 | C12: 14 | D12: 19 | E12: =A12+B12*60+C12*60*60+D12*24*60*60-1695047 -> 39 | G12: 33.2 | H12: 0.725 | I12: 0.61145 | J12: 0.80782 | K12: 1.03665 | L12: 0.9248 | M12: 0.99074 | N12: 0.94699 | O12: 0.75806 | P12: 0.88506 | Q12: 0.4
A13: 29 | B13: 51 | C13: 14 | D13: 19 | E13: =A13+B13*60+C13*60*60+D13*24*60*60-1695047 -> 42 | G13: 33.2 | H13: 0.724 | I13: 0.6244 | J13: 0.82834 | K13: 1.04882 | L13: 0.92459 | M13: 0.98328 | N13: 0.94716 | O13: 0.75934 | P13: 0.88449 | Q13: 0.4
A14: 33 | B14: 51 | C14: 14 | D14: 19 | E14: =A14+B14*60+C14*60*60+D14*24*60*60-1695047 -> 46 | G14: 33.2 | H14: 0.725 | I14: 0.62041 | J14: 0.81098 | K14: 1.03665 | L14: 0.92801 | M14: 0.98344 | N14: 0.94871 | O14: 0.76024 | P14: 0.88923 | Q14: 0.4
A15: 37 | B15: 51 | C15: 14 | D15: 19 | E15: =A15+B15*60+C15*60*60+D15*24*60*60-1695047 -> 50 | G15: 33.2 | H15: 0.725 | I15: 0.61684 | J15: 0.81257 | K15: 1.04059 | L15: 0.92651 | M15: 0.99261 | N15: 0.95877 | O15: 0.76062 | P15: 0.88765 | Q15: 0.4
A16: 41 | B16: 51 | C16: 14 | D16: 19 | E16: =A16+B16*60+C16*60*60+D16*24*60*60-1695047 -> 54 | G16: 33.2 | H16: 0.723 | I16: 0.61966 | J16: 0.81257 | K16: 1.04086 | L16: 0.92672 | M16: 0.98654 | N16: 0.94836 | O16: 0.76178 | P16: 0.88578 | Q16: 0.4
A17: 45 | B17: 51 | C17: 14 | D17: 19 | E17: =A17+B17*60+C17*60*60+D17*24*60*60-1695047 -> 58 | G17: 33.2 | H17: 0.725 | I17: 0.612 | J17: 0.82999 | K17: 1.04403 | L17: 0.92629 | M17: 0.98468 | N17: 0.94991 | O17: 0.76178 | P17: 0.88549 | Q17: 0.4
A18: 49 | B18: 51 | C18: 14 | D18: 19 | E18: =A18+B18*60+C18*60*60+D18*24*60*60-1695047 -> 62 | G18: 33.2 | H18: 0.725 | I18: 0.6174 | J18: 0.81456 | K18: 1.03901 | L18: 0.93404 | M18: 0.987 | N18: 0.94991 | O18: 0.76358 | P18: 0.89532 | Q18: 0.4
A19: 53 | B19: 51 | C19: 14 | D19: 19 | E19: =A19+B19*60+C19*60*60+D19*24*60*60-1695047 -> 66 | G19: 33.2 | H19: 0.723 | I19: 0.61478 | J19: 0.81536 | K19: 1.04006 | L19: 0.92801 | M19: 0.99526 | N19: 0.96069 | O19: 0.76487 | P19: 0.88564 | Q19: 0.4
A20: 56 | B20: 51 | C20: 14 | D20: 19 | E20: =A20+B20*60+C20*60*60+D20*24*60*60-1695047 -> 69 | G20: 33.2 | H20: 0.724 | I20: 0.62921 | J20: 0.83456 | K20: 1.05716 | L20: 0.94278 | M20: 0.98809 | N20: 0.9506 | O20: 0.77185 | P20: 0.8901 | Q20: 0.4
... A341: 38 | B341: 12 | C341: 15 | D341: 19 | E341: =A341+B341*60+C341*60*60+D341*24*60*60-1695047 -> 1311 | G341: 33.6 | H341: 0.7 | I341: 0.6267 | J341: 0.89794 | K341: 1.07251 | L341: 0.96723 | M341: 1.05073 | N341: 0.99463 | O341: 0.81107 | P341: 0.93383 | Q341: 0.400625

Sheet 93.3% R
A1: s | B1: m | C1: h | D1: date | G1: temp | H1: hum | I1: rs/r0mq4 | J1: rs/r0mq3 | K1: rs/r0mq5 | L1: rs/r0mq6 | M1: rs/r0mq7 | N1: rs/r0mq8 | O1: rs/r0mq9 | P1: rs/r0mq135 | Q1: tempW | S1: rs/r0mq4 | T1: rs/r0mq3 | U1: rs/r0mq5 | V1: rs/r0mq6 | W1: rs/r0mq7 | X1: rs/r0mq8 | Y1: rs/r0mq9 | Z1: rs/r0mq135
A2: 58 | B2: 7 | C2: 18 | D2: 23 | E2: =A2+B2*60+C2*60*60+D2*24*60*60-2052478 -> 0 | G2: 22.5 | H2: 65.6 | I2: 0.84826 | J2: 0.70589 | K2: 0.85102 | L2: 0.82514 | M2: 0.85607 | N2: 0.78976 | O2: 0.82568 | P2: 0.87452 | Q2: 40 | R2: RSD | S2: =(_xlfn.STDEV.S(I:I) / AVERAGE(I:I)) -> 0.010189798 | T2: =(_xlfn.STDEV.S(J:J) / AVERAGE(J:J)) -> 0.017322924 | U2: =(_xlfn.STDEV.S(K:K) / AVERAGE(K:K)) -> 0.015807011 | V2: =(_xlfn.STDEV.S(L:L) / AVERAGE(L:L)) -> 0.016368223 | W2: =(_xlfn.STDEV.S(M:M) / AVERAGE(M:M)) -> 0.016739343 | X2: =(_xlfn.STDEV.S(N:N) / AVERAGE(N:N)) -> 0.014926492 | Y2: =(_xlfn.STDEV.S(O:O) / AVERAGE(O:O)) -> 0.015208852 | Z2: =(_xlfn.STDEV.S(P:P) / AVERAGE(P:P)) -> 0.010665456
A3: 3 | B3: 8 | C3: 18 | D3: 23 | E3: =A3+B3*60+C3*60*60+D3*24*60*60-2052478 -> 5 | G3: 22.5 | H3: 65.6 | I3: 0.83575 | J3: 0.70266 | K3: 0.84277 | L3: 0.82661 | M3: 0.86266 | N3: 0.7692 | O3: 0.82962 | P3: 0.87838 | Q3: 40 | R3: Mean | S3: =AVERAGE(I:I) -> 0.83642338 | T3: =AVERAGE(J:J) -> 0.70426279 | U3: =AVERAGE(K:K) -> 0.83256904 | V3: =AVERAGE(L:L) -> 0.84569746 | W3: =AVERAGE(M:M) -> 0.88331312 | X3: =AVERAGE(N:N) -> 0.76717254 | Y3: =AVERAGE(O:O) -> 0.84625563 | Z3: =AVERAGE(P:P) -> 0.87651232
A4: 9 | B4: 8 | C4: 18 | D4: 23 | E4: =A4+B4*60+C4*60*60+D4*24*60*60-2052478 -> 11 | G4: 22.5 | H4: 65.3 | I4: 0.8429 | J4: 0.69627 | K4: 0.81719 | L4: 0.82809 | M4: 0.87867 | N4: 0.76976 | O4: 0.83846 | P4: 0.86687 | Q4: 39.9375 | R4: Standard Deviation | S4: =_xlfn.STDEV.S(I:I) -> 0.0085229854 | T4: =_xlfn.STDEV.S(J:J) -> 0.012199891 | U4: =_xlfn.STDEV.S(K:K) -> 0.013160428 | V4: =_xlfn.STDEV.S(L:L) -> 0.013842564 | W4: =_xlfn.STDEV.S(M:M) -> 0.014786081 | X4: =_xlfn.STDEV.S(N:N) -> 0.011451195 | Y4: =_xlfn.STDEV.S(O:O) -> 0.012870576 | Z4: =_xlfn.STDEV.S(P:P) -> 0.0093484033
A5: 14 | B5: 8 | C5: 18 | D5: 23 | E5: =A5+B5*60+C5*60*60+D5*24*60*60-2052478 -> 16 | G5: 22.5 | H5: 64.9 | I5: 0.82931 | J5: 0.68866 | K5: 0.83134 | L5: 0.8414 | M5: 0.86889 | N5: 0.77765 | O5: 0.83628 | P5: 0.86512 | Q5: 39.9375 | R5: Peak-to-Peak | S5: =MAX(I:I) - MIN(I:I) -> 0.0397 | T5: =MAX(J:J) - MIN(J:J) -> 0.0561 | U5: =MAX(K:K) - MIN(K:K) -> 0.05672 | V5: =MAX(L:L) - MIN(L:L) -> 0.05487 | W5: =MAX(M:M) - MIN(M:M) -> 0.07159 | X5: =MAX(N:N) - MIN(N:N) -> 0.04279 | Y5: =MAX(O:O) - MIN(O:O) -> 0.06051 | Z5: =MAX(P:P) - MIN(P:P) -> 0.04768
A6: 20 | B6: 8 | C6: 18 | D6: 23 | E6: =A6+B6*60+C6*60*60+D6*24*60*60-2052478 -> 22 | G6: 22.5 | H6: 64.7 | I6: 0.82749 | J6: 0.68426 | K6: 0.82735 | L6: 0.82979 | M6: 0.86863 | N6: 0.77808 | O6: 0.83628 | P6: 0.86731 | Q6: 39.9375 | R6: Min | S6: =MIN(I:I) -> 0.82206 | T6: =MIN(J:J) -> 0.68121 | U6: =MIN(K:K) -> 0.81173 | V6: =MIN(L:L) -> 0.82346 | W6: =MIN(M:M) -> 0.84876 | X6: =MIN(N:N) -> 0.75007 | Y6: =MIN(O:O) -> 0.81622 | Z6: =MIN(P:P) -> 0.85326
A7: 25 | B7: 8 | C7: 18 | D7: 23 | E7: =A7+B7*60+C7*60*60+D7*24*60*60-2052478 -> 27 | G7: 22.5 | H7: 64.4 | I7: 0.83023 | J7: 0.68557 | K7: 0.83157 | L7: 0.82937 | M7: 0.86557 | N7: 0.7709 | O7: 0.83333 | P7: 0.87541 | Q7: 40 | R7: Max | S7: =MAX(I:I) -> 0.86176 | T7: =MAX(J:J) -> 0.73731 | U7: =MAX(K:K) -> 0.86845 | V7: =MAX(L:L) -> 0.87833 | W7: =MAX(M:M) -> 0.92035 | X7: =MAX(N:N) -> 0.79286 | Y7: =MAX(O:O) -> 0.87673 | Z7: =MAX(P:P) -> 0.90094
A8: 31 | B8: 8 | C8: 18 | D8: 23 | E8: =A8+B8*60+C8*60*60+D8*24*60*60-2052478 -> 33 | G8: 22.5 | H8: 64.2 | I8: 0.82628 | J8: 0.68121 | K8: 0.8181 | L8: 0.82894 | M8: 0.86438 | N8: 0.7709 | O8: 0.83026 | P8: 0.86468 | Q8: 40 | R8: Drift | S8: =SLOPE(I:I, B:B) -> 0.00017570209 | T8: =SLOPE(J:J, B:B) -> 0.00083577257 | U8: =SLOPE(K:K, B:B) -> 0.00024956026 | V8: =SLOPE(L:L, B:B) -> 0.00067152395 | W8: =SLOPE(M:M, B:B) -> 0.001369193 | X8: =SLOPE(N:N, B:B) -> -0.00086769988 | Y8: =SLOPE(O:O, B:B) -> 0.0010377921 | Z8: =SLOPE(P:P, B:B) -> 0.00076718089
A9: 36 | B9: 8 | C9: 18 | D9: 23 | E9: =A9+B9*60+C9*60*60+D9*24*60*60-2052478 -> 38 | G9: 22.5 | H9: 64.1 | I9: 0.82477 | J9: 0.68955 | K9: 0.82782 | L9: 0.82788 | M9: 0.85818 | N9: 0.77635 | O9: 0.8253 | P9: 0.86351 | Q9: 40
A10: 42 | B10: 8 | C10: 18 | D10: 23 | E10: =A10+B10*60+C10*60*60+D10*24*60*60-2052478 -> 44 | G10: 22.5 | H10: 64.1 | I10: 0.83267 | J10: 0.69672 | K10: 0.83988 | L10: 0.8264 | M10: 0.85359 | N10: 0.79242 | O10: 0.82252 | P10: 0.86746 | Q10: 40
A11: 47 | B11: 8 | C11: 18 | D11: 23 | E11: =A11+B11*60+C11*60*60+D11*24*60*60-2052478 -> 49 | G11: 22.5 | H11: 64.2 | I11: 0.83606 | J11: 0.68734 | K11: 0.85225 | L11: 0.82514 | M11: 0.85071 | N11: 0.76792 | O11: 0.81899 | P11: 0.87883 | Q11: 40
A12: 53 | B12: 8 | C12: 18 | D12: 23 | E12: =A12+B12*60+C12*60*60+D12*24*60*60-2052478 -> 55 | G12: 22.5 | H12: 64.5 | I12: 0.83978 | J12: 0.68999 | K12: 0.81241 | L12: 0.8243 | M12: 0.85032 | N12: 0.76891 | O12: 0.81622 | P12: 0.86672 | Q12: 40
A13: 58 | B13: 8 | C13: 18 | D13: 23 | E13: =A13+B13*60+C13*60*60+D13*24*60*60-2052478 -> 60 | G13: 22.5 | H13: 64.8 | I13: 0.84259 | J13: 0.69672 | K13: 0.81173 | L13: 0.82577 | M13: 0.86425 | N13: 0.7682 | O13: 0.82632 | P13: 0.85326 | Q13: 40
A14: 4 | B14: 9 | C14: 18 | D14: 23 | E14: =A14+B14*60+C14*60*60+D14*24*60*60-2052478 -> 66 | G14: 22.5 | H14: 65.1 | I14: 0.84921 | J14: 0.70543 | K14: 0.85176 | L14: 0.82346 | M14: 0.84876 | N14: 0.78976 | O14: 0.8176 | P14: 0.87497 | Q14: 40
A15: 10 | B15: 9 | C15: 18 | D15: 23 | E15: =A15+B15*60+C15*60*60+D15*24*60*60-2052478 -> 72 | G15: 22.6 | H15: 65.4 | I15: 0.8508 | J15: 0.70358 | K15: 0.84639 | L15: 0.82451 | M15: 0.86411 | N15: 0.77076 | O15: 0.82075 | P15: 0.87601 | Q15: 40
A16: 15 | B16: 9 | C16: 18 | D16: 23 | E16: =A16+B16*60+C16*60*60+D16*24*60*60-2052478 -> 77 | G16: 22.5 | H16: 65.6 | I16: 0.84605 | J16: 0.70174 | K16: 0.8149 | L16: 0.82577 | M16: 0.87518 | N16: 0.76849 | O16: 0.83846 | P16: 0.87024 | Q16: 39.9375
A17: 21 | B17: 9 | C17: 18 | D17: 23 | E17: =A17+B17*60+C17*60*60+D17*24*60*60-2052478 -> 83 | G17: 22.5 | H17: 65.7 | I17: 0.84134 | J17: 0.69582 | K17: 0.81696 | L17: 0.82979 | M17: 0.87692 | N17: 0.76905 | O17: 0.8422 | P17: 0.85916 | Q17: 40
A18: 26 | B18: 9 | C18: 18 | D18: 23 | E18: =A18+B18*60+C18*60*60+D18*24*60*60-2052478 -> 88 | G18: 22.5 | H18: 65.6 | I18: 0.85017 | J18: 0.70496 | K18: 0.85545 | L18: 0.82873 | M18: 0.86863 | N18: 0.79272 | O18: 0.8364 | P18: 0.88077 | Q18: 39.9375
A19: 32 | B19: 9 | C19: 18 | D19: 23 | E19: =A19+B19*60+C19*60*60+D19*24*60*60-2052478 -> 94 | G19: 22.5 | H19: 65.4 | I19: 0.8373 | J19: 0.69222 | K19: 0.84591 | L19: 0.83043 | M19: 0.87317 | N19: 0.77076 | O19: 0.84091 | P19: 0.88346 | Q19: 40
A20: 37 | B20: 9 | C20: 18 | D20: 23 | E20: =A20+B20*60+C20*60*60+D20*24*60*60-2052478 -> 99 | G20: 22.5 | H20: 65.2 | I20: 0.83513 | J20: 0.68778 | K20: 0.83417 | L20: 0.83149 | M20: 0.88083 | N20: 0.77176 | O20: 0.84233 | P20: 0.87304 | Q20: 40
... A273: 55 | B273: 32 | C273: 18 | D273: 23 | E273: =A273+B273*60+C273*60*60+D273*24*60*60-2052478 -> 1497 | G273: 22.3 | H273: 65.7 | I273: 0.83421 | J273: 0.73082 | K273: 0.82759 | L273: 0.87554 | M273: 0.88843 | N273: 0.75365 | O273: 0.853 | P273: 0.87943 | Q273: 40
